姓名,身份证号,银行卡号,发放金额,乡镇
黄秀英,110101197502030808,6222024963162035864,3000.00,城关镇
张建华,110101196409032900,6222022711806082319,6800.00,城关镇
刘志强,110101196303042211,6222020150806031855,1900.00,城关镇
张建华,110101196704166485,6222024277389101437,6300.00,城关镇
李秀英,110101195502237279,6222026794385952413,1700.00,城关镇
胡翠花,110101197808050668,6222023680345764498,4100.00,城关镇
马军,110101198504256901,6222024412066661847,7500.00,城关镇
陈静,110101199609228127,6222023021802273311,1900.00,城关镇
周秀英,110101199710059401,6222026267400685938,5400.00,城关镇
赵明,110101198005185344,6222024264701850313,5000.00,城关镇
高玉兰,110101198309159241,6222026273769918647,4600.00,城关镇
张伟,110101196808238009,6222028072561415416,4300.00,城关镇
吴杰,110101197301095699,6222028927400000085,1500.00,城关镇
朱国庆,110101200104101548,6222025408769985995,60000.00,城关镇
李国庆,999000197007066141,6222029182833862136,2000.00,城关镇
钱异常,110101197312076848,6222023385821826791,1800.00,城关镇
罗勇,110101197004199160,6222029932513309364,1500.00,城关镇
吴守财,110101199302064682,6222023168290078685,1500.00,城关镇
李伟,110101195901114532,6222023934814837842,-500.00,城关镇
胡勇,110101196112093219,6222028083179118557,100.555,城关镇
赵娜,110101196309128614,6222024568601927025,abc,城关镇
杨伟,110101197502030808,6222021625978865452,1500.00,城关镇
黄桂兰,11010119960319881X,6222023689700221796,1500.00,东城镇
胡洋,110101197105262912,6222028243510734146,1500.00,
李,110101200102020509,6222020274494805337,1500.00,城关镇
