补贴对象,身份证号,银行卡号,金额,乡镇
黄霞杰,34132219620203100X,6222027651412746,2381.00,城东镇
刘涛,341322198911201015,6222023082814394,6622.54,城东镇
赵超,34132219620120102X,6222020602495027,4340.17,城东镇
刘静敏,341322196801021030,6222022981097176,5480.96,城东镇
王玉兰,341322197402071043,6222027981083373,5483.61,城东镇
周军,341322200003121052,6222029211576598,4026.09,城东镇
郭伟敏,341322200012211068,6222026765668938,3629.68,城东镇
陈敏,34132219841212107X,6222027215990468,562.51,城东镇
何刚,341322198011231083,6222027785463730,6510.86,城东镇
胡伟超,341322197103181090,6222024407993822,4926.81,城东镇
朱杰,341322199003051108,6222028503120032,1677.31,城东镇
孙刚,341322197908061117,6222028147928394,2341.54,城东镇
马芳敏,34132219600821112X,6222029634361669,2615.70,城东镇
何霞,341322196204191138,6222020710022846,1100.35,城东镇
孙静,341322200006261149,6222029787994282,3270.98,城东镇
吴敏超,341322198310261151,6222026500378140,2177.65,城东镇
王建国,341322196004081161,6222027218761445,3070.37,城东镇
张勇,341322199005021172,6222024067080282,3662.83,城东镇
黄艳静,341322198808051186,6222020963882136,3597.22,城东镇
徐磊,341322198605091196,6222029585179748,5293.22,城东镇
孙艳,341322199904221207,6222025633924192,7104.00,城东镇
杨玉兰刚,341322197204271212,6222023984069329,4434.85,城东镇
陈刚,341322197511101221,6222023025851735,6850.53,城东镇
张洋,341322195606231230,6222022449127102,850.02,城东镇
徐秀英杰,341322196801111247,6222023656275949,6914.13,城东镇
郭杰,341322198305271259,6222021451852169,1216.16,城东镇
胡桂英,341322197109041267,6222021128574832,5871.99,城东镇
王敏芳,341322199904091270,6222027138301579,2116.70,城东镇
郭勇,341322199811081284,6222028065903825,4936.47,城东镇
张玉兰,341322196909231291,6222024050431732,7360.33,城东镇
周艳杰,341322196908161308,6222023579126195,2964.82,城东镇
朱杰,34132219610801131X,6222021001472773,3946.83,城东镇
朱桂英,341322196202191329,6222021557451478,410.39,城东镇
朱超艳,341322198105071332,6222029524487681,3804.55,城东镇
王玉兰,341322197307261404,6222020684397000,2414.00,城东镇
王刚,341322199208111418,6222025494137900,503.00,城东镇
赵敏艳,341322197611111427,6222023940598700,1255.00,城东镇
吴建国,341322198404111509,6222026205970399,1400.00,城东镇
郭芳秀英,341322198907011518,6222021439161899,1757.00,城东镇
胡敏刚,341322199305231606,6222024249904144,25000.00,城东镇
罗霞,341322199208211611,6222028452080799,25000.00,城东镇
李测试,341322196906101707,6222027395723275,1200.00,城东镇
郭磊,341322199103141800,6222021100426290,800.00,城东镇
张洋娜,341322900101123,6222021777151601,800.00,城东镇
黄涛,341322197002101813,6222021234567890123,800.00,城东镇
周磊,341322196802231822,6222026561037197,100.123,城东镇
黄杰霞,341322198307081838,6222020486840694,-50.00,城东镇
王娜,341322198306201842,6222029169849062,800.00,城西镇
,341322198007211856,6222028483869111,800.00,城东镇
杨艳刚,341322198911201015,6222024341178498,900.00,城东镇
朱磊,34132219620120102X,6222020844412277,900.00,城东镇
